size,speedup_min_max,speedup_gnu
10,0.00000,0.00000
100,0.01987,0.86365
1000,0.27886,0.05366
10000,1.35944,0.67274
100000,3.55467,3.77945
1000000,5.14656,7.15161
10000000,5.74259,9.36135
100000000,6.12560,9.92652
1000000000,6.59276,11.82798