threads,speedup_min_max,speedup_gnu
1,0.85012,0.99449
2,1.60189,1.95616
3,2.26271,2.84235
4,2.82364,3.75899
5,3.3296,3.9647
6,3.85384,4.76372
7,4.27661,5.46883
8,4.67673,6.85846
9,5.076,7.28844
10,5.42852,7.93762
11,5.68629,8.83791
12,5.99522,9.54455
13,6.19543,10.22736
14,6.22396,10.58326
15,6.39523,11.46228
16,6.47196,11.68289
